date_local,mean_pm_mass,mean_temp_F
2025-01-01,32.80729175,54.833333
2025-01-02,20.245833333333334,60.541667
2025-01-03,26.5,55.791667
2025-01-04,31.081944333333336,55.708333
2025-01-05,11.705555666666667,59.375
2025-01-06,8.434722333333333,61.0
2025-01-07,17.29270825,61.041667
2025-01-08,95.142029,62.208333
2025-01-09,71.00277766666666,55.416667
2025-01-10,32.708333333333336,56.25
2025-01-11,26.343055666666668,54.791667
2025-01-12,10.822222333333334,55.708333
2025-01-13,9.66458325,53.541667
2025-01-14,9.052777666666666,52.291667
2025-01-15,9.536111,56.375
2025-01-16,9.365277666666666,54.583333
2025-01-17,12.466666666666667,52.125
2025-01-18,19.702777666666666,52.5
2025-01-19,21.0625,50.875
2025-01-20,14.0875,57.083333
2025-01-21,8.397222333333334,55.833333
2025-01-22,10.0,61.416667
2025-01-23,10.615277666666666,61.181818
2025-01-24,7.680555666666667,59.666667
2025-01-25,12.552083249999999,53.125
2025-01-26,5.444444333333333,50.625
2025-01-27,6.481944333333334,51.208333
2025-01-28,11.637500000000001,51.083333
2025-01-29,12.216666666666667,52.666667
2025-01-30,15.133333333333333,52.208333
2025-01-31,16.64479175,52.875
2025-02-01,18.119444333333334,57.125
2025-02-02,32.95,58.875
2025-02-03,23.251389,56.625
2025-02-04,8.111111,57.208333
2025-02-05,6.140277666666667,57.416667
2025-02-06,6.8145834999999995,58.625
2025-02-07,3.80625,58.375
2025-02-08,9.845833333333333,55.458333
2025-02-09,9.463889,57.958333
2025-02-10,10.036111,54.333333
2025-02-11,7.8083335,54.409091
2025-02-12,5.9145835,52.708333
2025-02-13,4.0354165,55.541667
2025-02-14,7.898611,56.583333
2025-02-15,9.919444333333333,56.375
2025-02-16,8.743055666666667,60.5
2025-02-17,13.620833333333332,58.083333
2025-02-18,12.56041675,58.166667
2025-02-19,17.601389,59.875
2025-02-20,16.402381,62.041667
2025-02-21,12.54375,63.0
2025-02-22,10.138462,63.625
2025-02-24,12.7,64.625
2025-02-26,27.866667,66.375
2025-02-27,9.697222333333334,71.791667
2025-02-28,9.052777666666666,64.458333
2025-03-01,9.509722333333334,60.125
2025-03-02,6.81458325,58.583333
2025-03-03,6.0,55.791667
2025-03-04,9.111111,57.25
2025-03-05,11.515277666666668,54.208333
2025-03-06,4.066666666666666,50.958333
2025-03-07,6.345833333333334,55.083333
2025-03-08,10.165625,56.75
2025-03-09,11.690277666666667,60.875
2025-03-10,8.869444333333334,60.375
2025-03-11,5.351389,57.916667
2025-03-12,4.434722333333333,57.833333
2025-03-13,3.1027776666666664,53.75
2025-03-14,4.726984,49.75
2025-03-15,8.733333333333333,55.083333
2025-03-16,12.35,57.583333
2025-03-17,13.165277666666666,56.583333
2025-03-18,5.3625,57.916667
2025-03-19,5.911111000000001,64.5
2025-03-20,9.251041749999999,62.625
2025-03-21,11.83125,62.875
2025-03-22,14.838889,63.166667
2025-03-23,15.501389000000001,63.125
2025-03-24,14.233333333333334,67.166667
2025-03-25,12.868055666666669,62.291667
2025-03-26,9.24895825,60.875
2025-03-27,5.190277666666667,62.416667
2025-03-28,8.220833333333333,61.916667
2025-03-29,9.229166666666666,61.083333
2025-03-30,6.181944333333334,59.166667
2025-03-31,4.440277666666667,59.541667
2025-04-01,5.17708325,58.875
2025-04-02,5.026388999999999,58.125
2025-04-03,8.363889,57.583333
2025-04-04,8.068055666666666,61.083333
2025-04-05,7.719444333333333,67.791667
2025-04-06,8.902777666666667,69.375
2025-04-07,10.47708325,67.875
2025-04-08,12.498610999999999,68.291667
2025-04-09,15.516666666666666,70.958333
2025-04-10,18.002777666666667,71.0
2025-04-11,15.765151666666666,71.833333
2025-04-12,19.276388999999998,65.625
2025-04-13,17.11770825,62.541667
2025-04-14,16.334722333333332,61.541667
2025-04-15,12.748610999999999,59.833333
2025-04-16,7.896825333333333,60.041667
2025-04-17,5.997222333333333,59.416667
2025-04-18,6.85625,58.833333
2025-04-19,9.899999999999999,62.5
2025-04-20,11.7,62.708333
2025-04-21,12.5,61.458333
2025-04-22,13.8791665,59.958333
2025-04-23,11.158333333333333,59.5
2025-04-24,10.702777666666668,60.0
2025-04-25,7.73645825,59.208333
2025-04-26,3.4138889999999997,56.458333
2025-04-27,4.651389,57.375
2025-04-28,8.916666666666666,59.75
2025-04-29,11.191666666666668,61.958333
2025-04-30,13.098611,61.666667
2025-05-01,10.09166675,62.083333
2025-05-02,10.012500000000001,61.625
2025-05-03,9.0375,60.166667
2025-05-04,9.947222333333334,58.75
2025-05-05,10.183333333333334,60.791667
2025-05-06,10.083333333333334,59.666667
2025-05-07,10.9125,62.958333
2025-05-08,15.320833499999999,67.708333
2025-05-09,15.4125,75.583333
2025-05-10,16.8375,80.666667
2025-05-11,18.6104165,77.458333
2025-05-12,11.331944333333333,65.916667
2025-05-13,7.6760417499999996,62.0
2025-05-14,11.088889,63.333333
2025-05-15,14.561110999999999,64.583333
2025-05-16,14.788889,63.916667
2025-05-17,8.609722333333332,62.958333
2025-05-18,8.200000000000001,65.125
2025-05-19,13.315625,70.0
2025-05-20,17.863889,75.375
2025-05-21,16.541666666666668,76.125
2025-05-22,17.797222333333334,73.125
2025-05-23,18.120635,69.458333
2025-05-24,12.713889,67.875
2025-05-25,11.66666675,66.791667
2025-05-26,13.870833333333332,65.458333
2025-05-27,11.725,67.25
2025-05-28,11.233333333333334,65.083333
2025-05-29,11.208333333333334,67.333333
2025-05-30,12.630555666666666,75.291667
2025-05-31,18.35625,75.291667
2025-06-01,11.580555666666667,76.5
2025-06-02,9.415277666666666,71.5
2025-06-03,11.236111,66.916667
2025-06-04,11.039583499999999,66.75
2025-06-05,10.1354165,66.583333
2025-06-06,11.522916500000001,65.625
2025-06-07,10.154166666666667,65.375
2025-06-08,12.1625,65.666667
2025-06-09,15.505555666666666,67.083333
2025-06-10,15.094444333333334,69.416667
2025-06-11,17.313889,69.5
2025-06-12,14.011111,69.166667
2025-06-13,15.281944333333334,69.083333
2025-06-14,17.04444433333333,70.083333
2025-06-15,17.805555666666667,73.791667
2025-06-16,18.959722333333332,76.75
2025-06-17,19.411904999999997,79.125
2025-06-18,19.570833333333333,78.083333
2025-06-19,16.151388999999998,72.708333
2025-06-20,15.992857,71.458333
2025-06-21,12.6,68.791667
2025-06-22,13.0,70.541667
2025-06-23,13.5,69.625
2025-06-24,9.9208335,66.916667
2025-06-25,11.075000000000001,68.875
2025-06-26,13.419444333333333,70.416667
2025-06-27,14.802777666666666,73.333333
2025-06-28,14.306944333333334,74.333333
2025-06-29,9.768055666666667,74.125
2025-06-30,8.261111,72.708333
2025-07-01,8.841666666666667,68.958333
2025-07-02,10.598611,69.541667
2025-07-03,8.113889,71.166667
2025-07-04,32.41944433333333,72.958333
2025-07-05,81.24305566666666,73.375
2025-07-06,13.127777666666667,72.375
2025-07-07,12.097222333333333,70.791667
2025-07-08,9.797222333333332,73.333333
2025-07-09,8.934722333333333,76.125
2025-07-10,11.458333333333334,75.863636
2025-07-11,12.383333333333333,72.666667
2025-07-12,11.75729175,71.291667
2025-07-13,10.491666666666667,69.666667
2025-07-14,9.727777666666666,69.166667
2025-07-15,6.830555666666666,70.166667
2025-07-16,4.479166666666667,70.833333
2025-07-17,4.501389,71.125
2025-07-18,5.022619,71.5
2025-07-19,8.004166666666666,71.125
2025-07-20,8.536111,70.833333
2025-07-21,6.6375,69.0
2025-07-22,4.768055666666666,69.208333
2025-07-23,7.3527776666666655,69.458333
2025-07-24,5.98125,70.291667
2025-07-25,5.201389,68.791667
2025-07-26,5.272222333333334,68.833333
2025-07-27,5.691666666666666,68.791667
2025-07-28,8.155555666666666,69.125
2025-07-29,10.205555666666667,70.708333
2025-07-30,11.31041675,73.541667
2025-07-31,10.737499999999999,74.625
2025-08-01,10.2145835,73.5
2025-08-02,14.638888999999999,73.875
2025-08-03,12.445833333333333,74.875
2025-08-04,17.579166666666666,75.875
2025-08-05,17.840625,78.416667
2025-08-06,19.176389,82.291667
2025-08-07,15.6291665,85.541667
2025-08-08,12.888889,83.916667
2025-08-09,13.5625,78.666667
2025-08-10,12.3416665,77.333333
2025-08-11,13.330555666666667,80.25
2025-08-12,12.3,79.541667
2025-08-13,13.9208335,78.041667
2025-08-14,14.994444333333334,75.0
2025-08-15,10.1354165,73.833333
2025-08-16,7.143055666666666,71.375
2025-08-17,10.144444333333333,73.833333
2025-08-18,10.5,76.916667
2025-08-19,11.387499999999998,78.333333
2025-08-20,11.288889,82.458333
2025-08-21,13.704762,84.541667
2025-08-22,14.622222333333333,84.416667
2025-08-23,16.17916675,85.125
2025-08-24,10.0875,82.166667
2025-08-25,11.561110999999999,80.041667
2025-08-26,11.641666666666666,77.541667
2025-08-27,10.252777666666667,79.666667
2025-08-28,10.047222333333332,81.333333
2025-08-29,9.79270825,83.25
2025-08-30,9.398611,84.791667
2025-08-31,10.466666666666667,85.541667
2025-09-01,10.488889,85.333333
2025-09-02,12.523611,86.5
2025-09-03,11.275,81.782609
2025-09-04,10.4625,75.875
2025-09-05,11.201389,73.375
2025-09-06,12.820833333333333,74.708333
2025-09-07,11.490277666666666,77.0
2025-09-08,7.865277666666667,75.208333
2025-09-09,5.4125000000000005,71.5
2025-09-10,5.021875,71.608696
2025-09-11,5.219444333333333,69.916667
2025-09-12,6.684848333333334,70.083333
2025-09-13,9.309722333333333,70.166667
2025-09-14,12.516666666666666,70.291667
2025-09-15,17.8875,73.5
2025-09-16,11.8625,78.541667
2025-09-17,8.265277666666668,77.125
2025-09-18,8.922222333333332,76.625
2025-09-19,6.7625,75.458333
2025-09-20,7.976389,73.083333
2025-09-21,12.108333333333334,72.291667
2025-09-22,9.704166749999999,73.75
2025-09-23,8.388888999999999,75.833333
2025-09-24,8.920833333333333,74.875
2025-09-25,9.670833333333333,69.238095
2025-09-26,5.731481333333334,69.208333
2025-09-27,6.855555666666667,69.666667
2025-09-28,6.1677082500000004,70.916667
2025-09-29,6.659722333333334,69.25
2025-09-30,10.302777666666666,69.333333
2025-10-01,7.566666666666666,68.875
2025-10-02,6.002777666666667,69.541667
2025-10-03,7.419444333333334,68.0
2025-10-04,9.420833250000001,66.583333
2025-10-05,10.836111,67.125
2025-10-06,11.326389,66.541667
2025-10-07,9.820833333333335,66.208333
2025-10-08,9.552777666666666,65.083333
2025-10-09,8.244444333333334,67.5
2025-10-10,9.65520825,73.041667
2025-10-11,10.934722333333333,69.541667
2025-10-12,10.254166666666668,66.25
2025-10-13,8.766666666666667,64.875
2025-10-14,3.9499999999999997,58.666667
2025-10-15,4.095833333333333,60.333333
2025-10-16,7.25520825,63.666667
2025-10-17,9.91875,68.208333
2025-10-18,9.9041665,70.666667
2025-10-19,14.3083335,69.833333
2025-10-20,13.926389,69.291667
2025-10-21,14.1625,67.791667
2025-10-22,8.498958250000001,65.041667
2025-10-23,9.606944333333333,64.541667
2025-10-24,16.540277666666668,66.166667
2025-10-25,28.433333333333337,63.791667
2025-10-26,28.611110999999998,62.625
2025-10-27,20.431944333333334,64.75
2025-10-28,17.32083325,74.541667
2025-10-29,6.781944333333333,77.583333
2025-10-30,11.0375,74.25
2025-10-31,16.831579,67.666667
2025-11-01,24.915277666666668,63.5
2025-11-02,26.327777666666666,63.625
2025-11-03,31.34166675,62.75
2025-11-04,24.472222333333335,62.083333
2025-11-05,8.198611,63.25
2025-11-06,8.991666666666667,62.5
2025-11-07,12.070833333333333,65.958333
2025-11-08,20.819444333333333,66.5
2025-11-09,19.93645825,69.125
2025-11-10,10.154166666666667,70.916667
2025-11-11,13.136111,65.916667
2025-11-12,20.263889000000002,65.375
2025-11-13,14.913889,67.708333
2025-11-14,7.095833333333334,63.416667
2025-11-15,2.1,60.083333
2025-11-16,2.3611109999999997,58.708333
2025-11-17,1.6791666666666665,58.166667
2025-11-18,4.745833333333334,54.833333
2025-11-19,6.893055666666666,55.666667
2025-11-20,6.894444333333333,54.208333
2025-11-21,4.1,58.25
2025-11-22,6.461111,60.458333
2025-11-23,9.927777666666666,60.75
2025-11-24,15.951389,59.25
2025-11-25,10.336111,64.666667
2025-11-26,5.843055666666667,68.458333
2025-11-27,7.17395825,67.541667
2025-11-28,16.116666666666667,61.25
2025-11-29,21.724999999999998,59.416667
2025-11-30,25.02916666666667,56.708333
2025-12-01,19.3,60.75
2025-12-02,8.765277666666668,58.083333
2025-12-03,14.49583325,59.375
2025-12-04,5.631944333333333,59.208333
2025-12-05,9.215277666666667,58.25
2025-12-06,12.502777666666667,58.833333
2025-12-07,14.715277666666667,60.75
2025-12-08,10.055555666666667,65.75
2025-12-09,6.778124999999999,68.333333
2025-12-10,8.581944333333334,68.041667
2025-12-11,12.176389,66.291667
2025-12-12,24.09166666666667,62.0
2025-12-13,33.615277666666664,58.958333
2025-12-14,23.001389,59.083333
2025-12-15,21.15625,59.041667
2025-12-16,31.297222333333334,59.291667
2025-12-17,44.14027766666667,60.041667
2025-12-18,33.74305566666666,63.916667
2025-12-19,21.956944333333336,61.458333
2025-12-20,32.1625,59.541667
2025-12-21,30.953125,58.333333
2025-12-22,27.974999999999998,60.875
2025-12-23,20.773529500000002,60.916667
2025-12-24,5.5847223333333345,60.083333
2025-12-25,3.783333333333333,60.958333
2025-12-26,3.772222333333333,56.958333
2025-12-27,7.01875,53.875
2025-12-28,7.683333333333334,55.583333
2025-12-29,6.902777666666666,57.958333
2025-12-30,5.573611,65.083333
2025-12-31,5.279166666666667,61.666667
